Date,Open,High,Low,Close
31/7/2018,11311.05,11366,11267.75,11311.05
1/8/2018,11359.8,11390.55,11313.55,11359.8
2/8/2018,11328.9,11328.9,11234.95,11328.9
3/8/2018,11297.8,11368,11294.55,11297.8
6/8/2018,11401.5,11427.65,11370.6,11401.5
7/8/2018,11423.15,11428.95,11359.7,11423.15
8/8/2018,11412.5,11459.95,11379.3,11412.5
9/8/2018,11493.25,11495.2,11454.1,11493.25
10/8/2018,11474.95,11478.75,11419.65,11474.95
13/8/2018,11369.6,11406.3,11340.3,11369.6
14/8/2018,11381.7,11452.45,11370.8,11381.7
16/8/2018,11397.15,11449.85,11366.25,11397.15
17/8/2018,11437.15,11486.45,11431.8,11437.15
20/8/2018,11502.1,11565.3,11499.65,11502.1
21/8/2018,11576.2,11581.75,11539.6,11576.2
23/8/2018,11620.7,11620.7,11546.7,11620.7
24/8/2018,11566.6,11604.6,11532,11566.6
27/8/2018,11605.85,11700.95,11595.6,11605.85
28/8/2018,11731.95,11760.2,11710.5,11731.95
29/8/2018,11744.95,11753.2,11678.85,11744.95
30/8/2018,11694.75,11698.8,11639.7,11694.75
31/8/2018,11675.85,11727.65,11640.1,11675.85
3/9/2018,11751.8,11751.8,11567.4,11751.8
4/9/2018,11598.75,11602.55,11496.85,11598.75
5/9/2018,11514.85,11542.65,11393.85,11514.85
6/9/2018,11514.15,11562.25,11436.05,11514.15
7/9/2018,11558.25,11603,11484.4,11558.25
10/9/2018,11570.25,11573,11427.3,11570.25
11/9/2018,11476.85,11479.4,11274,11476.85
12/9/2018,11340.1,11380.75,11250.2,11340.1
14/9/2018,11443.5,11523.25,11430.55,11443.5
17/9/2018,11464.95,11464.95,11366.9,11464.95
18/9/2018,11381.55,11411.45,11268.95,11381.55
19/9/2018,11326.65,11332.05,11210.9,11326.65
21/9/2018,11271.3,11346.8,10866.45,11271.3
24/9/2018,11164.4,11170.15,10943.6,11164.4
25/9/2018,10969.95,11080.6,10882.85,10969.95
26/9/2018,11145.55,11145.55,10993.05,11145.55
27/9/2018,11079.8,11089.45,10953.35,11079.8
28/9/2018,11008.1,11034.1,10850.3,11008.1
1/10/2018,10930.9,11035.65,10821.55,10930.9
3/10/2018,10982.7,10989.05,10843.75,10982.7
4/10/2018,10754.7,10754.7,10547.25,10754.7
5/10/2018,10514.1,10540.65,10261.9,10514.1
8/10/2018,10310.15,10398.35,10198.4,10310.15
9/10/2018,10390.3,10397.6,10279.35,10390.3
10/10/2018,10331.85,10482.35,10318.25,10331.85
11/10/2018,10169.8,10335.95,10138.6,10169.8
12/10/2018,10331.55,10492.45,10322.15,10331.55
15/10/2018,10524.2,10526.3,10410.15,10524.2
16/10/2018,10550.15,10604.9,10525.3,10550.15
17/10/2018,10688.7,10710.15,10436.45,10688.7
19/10/2018,10339.7,10380.1,10249.6,10339.7
22/10/2018,10405.85,10408.55,10224,10405.85
23/10/2018,10152.6,10222.1,10102.35,10152.6
24/10/2018,10278.15,10290.65,10126.7,10278.15
25/10/2018,10135.05,10166.6,10079.3,10135.05
26/10/2018,10122.35,10128.85,10004.55,10122.35
29/10/2018,10078.1,10275.3,10020.35,10078.1
30/10/2018,10239.4,10285.1,10175.35,10239.4
31/10/2018,10209.55,10396,10105.1,10209.55
1/11/2018,10441.7,10441.9,10341.9,10441.7
2/11/2018,10462.3,10606.95,10457.7,10462.3
5/11/2018,10558.75,10558.8,10477,10558.75
6/11/2018,10552,10600.25,10491.45,10552
7/11/2018,10614.45,10616.45,10582.3,10614.45
9/11/2018,10614.7,10619.55,10544.85,10614.7
12/11/2018,10607.8,10645.5,10464.05,10607.8
13/11/2018,10451.9,10596.25,10440.55,10451.9
14/11/2018,10634.9,10651.6,10532.7,10634.9
15/11/2018,10580.6,10646.5,10557.5,10580.6
16/11/2018,10644,10695.15,10631.15,10644
19/11/2018,10731.25,10774.7,10688.8,10731.25
20/11/2018,10740.1,10740.85,10640.85,10740.1
21/11/2018,10670.95,10671.3,10562.35,10670.95
22/11/2018,10612.65,10646.25,10512,10612.65
26/11/2018,10568.3,10637.8,10489.75,10568.3
27/11/2018,10621.45,10695.15,10596.35,10621.45
28/11/2018,10708.75,10757.8,10699.85,10708.75
29/11/2018,10808.7,10883.05,10782.35,10808.7
30/11/2018,10892.1,10922.45,10835.1,10892.1
3/12/2018,10930.7,10941.2,10845.35,10930.7
4/12/2018,10877.1,10890.95,10833.35,10877.1
5/12/2018,10820.45,10821.05,10747.95,10820.45
6/12/2018,10718.15,10722.65,10588.25,10718.15
7/12/2018,10644.8,10704.55,10599.35,10644.8
10/12/2018,10508.7,10558.85,10474.95,10508.7
11/12/2018,10350.05,10567.15,10333.85,10350.05
12/12/2018,10591,10752.2,10560.8,10591
13/12/2018,10810.75,10838.6,10749.5,10810.75
14/12/2018,10784.5,10815.75,10752.1,10784.5
17/12/2018,10853.2,10900.35,10844.85,10853.2
18/12/2018,10850.9,10915.4,10819.1,10850.9
19/12/2018,10930.55,10985.15,10928,10930.55
20/12/2018,10885.2,10962.55,10880.05,10885.2
21/12/2018,10944.25,10963.65,10738.65,10944.25
24/12/2018,10780.9,10782.3,10649.25,10780.9
26/12/2018,10635.45,10747.5,10534.55,10635.45
27/12/2018,10817.9,10834.2,10764.45,10817.9
28/12/2018,10820.95,10893.6,10817.15,10820.95
31/12/2018,10913.2,10923.55,10853.2,10913.2
1/1/2019,10881.7,10923.6,10807.1,10881.7
2/1/2019,10868.85,10895.35,10735.05,10868.85
3/1/2019,10796.8,10814.05,10661.25,10796.8
4/1/2019,10699.7,10741.05,10628.65,10699.7
7/1/2019,10804.85,10835.95,10750.15,10804.85
8/1/2019,10786.25,10818.45,10733.25,10786.25
9/1/2019,10862.4,10870.4,10749.4,10862.4
10/1/2019,10859.35,10859.35,10801.8,10859.35
11/1/2019,10834.75,10850.15,10739.4,10834.75
14/1/2019,10807,10808,10692.35,10807
15/1/2019,10777.55,10896.95,10777.55,10777.55
16/1/2019,10899.65,10928.15,10876.9,10899.65
17/1/2019,10920.85,10930.65,10844.65,10920.85
18/1/2019,10914.85,10928.2,10852.2,10914.85
21/1/2019,10919.35,10987.45,10885.75,10919.35
22/1/2019,10949.8,10949.8,10864.15,10949.8
23/1/2019,10931.05,10944.8,10811.95,10931.05
24/1/2019,10844.05,10866.6,10798.65,10844.05
25/1/2019,10859.75,10931.7,10756.45,10859.75
28/1/2019,10792.45,10804.45,10630.95,10792.45
29/1/2019,10653.7,10690.35,10583.65,10653.7
30/1/2019,10702.25,10710.2,10612.85,10702.25
31/1/2019,10690.55,10838.05,10678.55,10690.55
1/2/2019,10851.35,10983.45,10813.45,10851.35
4/2/2019,10876.75,10927.9,10814.15,10876.75
5/2/2019,10908.65,10956.7,10886.7,10908.65
6/2/2019,10965.1,11072.6,10962.7,10965.1
7/2/2019,11070.45,11118.1,11043.6,11070.45
8/2/2019,11023.5,11041.2,10925.45,11023.5
11/2/2019,10930.9,10930.9,10857.1,10930.9
12/2/2019,10879.7,10910.9,10823.8,10879.7
13/2/2019,10870.55,10891.65,10772.1,10870.55
14/2/2019,10786.1,10792.7,10718.75,10786.1
15/2/2019,10780.25,10785.75,10620.4,10780.25
18/2/2019,10738.65,10759.9,10628.4,10738.65
19/2/2019,10636.7,10722.85,10585.65,10636.7
20/2/2019,10655.45,10752.7,10646.4,10655.45
21/2/2019,10744.1,10808.85,10721.5,10744.1
22/2/2019,10782.7,10801.55,10758.4,10782.7
25/2/2019,10813.25,10887.1,10788.05,10813.25
26/2/2019,10775.3,10888.75,10729.3,10775.3
27/2/2019,10881.2,10939.7,10751.2,10881.2
28/2/2019,10865.7,10865.7,10784.85,10865.7
1/3/2019,10842.65,10877.9,10823.1,10842.65
5/3/2019,10864.85,10994.9,10817,10864.85
6/3/2019,11024.85,11062.3,10998.85,11024.85
7/3/2019,11077.95,11089.05,11027.1,11077.95
8/3/2019,11038.85,11049,11008.95,11038.85
11/3/2019,11068.75,11180.9,11059.85,11068.75
12/3/2019,11231.35,11320.4,11227,11231.35
13/3/2019,11326.2,11352.3,11276.6,11326.2
14/3/2019,11382.5,11383.45,11313.75,11382.5
15/3/2019,11376.85,11487,11370.8,11376.85
18/3/2019,11473.85,11530.15,11412.5,11473.85
19/3/2019,11500.3,11543.85,11451.25,11500.3
20/3/2019,11553.35,11556.1,11503.1,11553.35
22/3/2019,11549.2,11572.8,11434.55,11549.2
25/3/2019,11395.65,11395.65,11311.6,11395.65
26/3/2019,11375.2,11496.75,11352.45,11375.2
27/3/2019,11531.45,11546.2,11413,11531.45
28/3/2019,11463.65,11588.5,11452.45,11463.65
29/3/2019,11625.45,11630.35,11570.15,11625.45
1/4/2019,11665.2,11738.1,11644.75,11665.2
2/4/2019,11711.55,11729.35,11655.85,11711.55
3/4/2019,11735.3,11761,11629.15,11735.3
4/4/2019,11660.2,11662.55,11559.2,11660.2
5/4/2019,11638.4,11689.65,11609.5,11638.4
8/4/2019,11704.35,11710.3,11549.1,11704.35
9/4/2019,11612.05,11683.9,11569.7,11612.05
10/4/2019,11646.85,11680.05,11571.75,11646.85
11/4/2019,11592.55,11606.7,11550.55,11592.55
12/4/2019,11612.85,11657.35,11578.8,11612.85
15/4/2019,11667,11704.6,11648.25,11667
16/4/2019,11736.2,11810.95,11731.55,11736.2
18/4/2019,11856.15,11856.15,11738.5,11856.15
22/4/2019,11727.05,11727.05,11583.95,11727.05
23/4/2019,11612.95,11645.95,11564.8,11612.95
24/4/2019,11601.5,11740.85,11578.85,11601.5
25/4/2019,11735.7,11796.75,11624.3,11735.7
26/4/2019,11683.75,11762.9,11661.75,11683.75
30/4/2019,11748.75,11756.25,11655.9,11748.75
2/5/2019,11725.55,11789.3,11699.55,11724.75
3/5/2019,11722.6,11770.9,11699.35,11712.25
6/5/2019,11605.8,11632.55,11571.35,11598.25
7/5/2019,11651.5,11657.05,11484.45,11497.9
8/5/2019,11478.7,11479.1,11346.95,11359.45
9/5/2019,11322.4,11357.6,11255.05,11301.8
10/5/2019,11314.15,11345.8,11251.05,11278.9
13/5/2019,11258.7,11300.2,11125.6,11148.2
14/5/2019,11151.65,11294.75,11108.3,11222.05
15/5/2019,11271.7,11286.8,11136.95,11157
16/5/2019,11180.35,11281.55,11143.35,11257.1
17/5/2019,11261.9,11426.15,11259.85,11407.15
20/5/2019,11651.9,11845.2,11591.7,11828.25
21/5/2019,11863.65,11883.55,11682.8,11709.1
22/5/2019,11727.95,11784.8,11682.4,11737.9
23/5/2019,11901.3,12041.15,11614.5,11657.05
24/5/2019,11748,11859,11658.1,11844.1
27/5/2019,11855.5,11957.15,11812.4,11924.75
28/5/2019,11958.35,11958.55,11864.9,11928.75
29/5/2019,11905.8,11931.9,11836.8,11861.1
30/5/2019,11865.3,11968.55,11859.4,11945.9
31/5/2019,11999.8,12039.25,11829.45,11922.8
3/6/2019,11953.75,12103.05,11920.1,12088.55
4/6/2019,12052.65,12095.2,12005.85,12021.65
6/6/2019,12039.8,12039.8,11830.25,11843.75
7/6/2019,11865.2,11897.5,11769.5,11870.65
10/6/2019,11934.9,11975.05,11871.75,11922.7
11/6/2019,11959.85,12000.35,11904.35,11965.6
12/6/2019,11962.45,11962.45,11866.35,11906.2
13/6/2019,11873.9,11931.35,11817.05,11914.05
14/6/2019,11910.1,11911.85,11797.7,11823.3
17/6/2019,11844,11844.05,11657.75,11672.15
18/6/2019,11677.05,11727.2,11641.15,11691.5
19/6/2019,11744.45,11802.5,11625.1,11691.45
20/6/2019,11653.65,11843.5,11635.05,11831.75
21/6/2019,11827.6,11827.95,11705.1,11724.1
24/6/2019,11725.8,11754,11670.2,11699.65
25/6/2019,11681,11814.4,11651,11796.45
26/6/2019,11768.15,11871.85,11757.55,11847.55
27/6/2019,11860.85,11911.15,11821.05,11841.55
28/6/2019,11861.15,11871.7,11775.5,11788.85
1/7/2019,11839.9,11884.65,11830.8,11865.6
2/7/2019,11890.3,11917.45,11814.7,11910.3
3/7/2019,11932.15,11945.2,11887.05,11916.75
4/7/2019,11928.8,11969.25,11923.65,11946.75
5/7/2019,11964.75,11981.75,11797.9,11811.15
8/7/2019,11770.4,11771.9,11523.3,11558.6
9/7/2019,11531.6,11582.55,11461,11555.9
10/7/2019,11536.15,11593.7,11475.65,11498.9
11/7/2019,11561.45,11599,11519.5,11582.9
12/7/2019,11601.15,11639.55,11538.6,11552.5
15/7/2019,11614.75,11618.4,11532.3,11588.35
16/7/2019,11596.65,11670.05,11573.95,11662.6
17/7/2019,11670.75,11706.65,11651.15,11687.5
18/7/2019,11675.6,11677.15,11582.4,11596.9
19/7/2019,11627.95,11640.35,11399.3,11419.25
22/7/2019,11392.85,11398.15,11301.25,11346.2
23/7/2019,11372.25,11398.15,11302.8,11331.05
24/7/2019,11322.45,11359.75,11229.8,11271.3
25/7/2019,11290.4,11361.4,11239.35,11252.15
26/7/2019,11247.45,11307.6,11210.05,11284.3
29/7/2019,11307.5,11310.95,11152.4,11189.2
30/7/2019,11213.7,11267.45,11072.65,11085.4
31/7/2019,11034.05,11145.3,10999.4,11118
1/8/2019,11060.2,11076.75,10881,10980
2/8/2019,10930.3,11080.15,10848.95,10997.35
5/8/2019,10895.8,10895.8,10782.6,10862.6
6/8/2019,10815.4,11018.55,10813.8,10948.25
7/8/2019,10958.1,10975.65,10835.9,10855.5
8/8/2019,10899.2,11058.05,10842.95,11032.45
9/8/2019,11087.9,11181.45,11062.8,11109.65
13/8/2019,11139.4,11145.9,10901.6,10925.85
14/8/2019,11003.25,11078.15,10935.6,11029.4
16/8/2019,11043.65,11068.65,10924.3,11047.8
19/8/2019,11094.8,11146.9,11037.85,11053.9
20/8/2019,11063.9,11076.3,10985.3,11017
21/8/2019,11018.15,11034.2,10906.65,10918.7
22/8/2019,10905.3,10908.25,10718.3,10741.35
23/8/2019,10699.6,10862.55,10637.15,10829.35
26/8/2019,11000.3,11070.3,10756.55,11057.85
27/8/2019,11106.55,11141.75,11049.5,11105.35
28/8/2019,11101.3,11129.65,10987.65,11046.1
29/8/2019,10996.05,11021.1,10922.4,10948.3
30/8/2019,10987.8,11042.6,10874.8,11023.25
3/9/2019,10960.95,10967.5,10772.7,10797.9
4/9/2019,10790.4,10858.75,10746.35,10844.65
5/9/2019,10860.95,10920.1,10816,10847.9
6/9/2019,10883.8,10957.05,10867.45,10946.2
9/9/2019,10936.7,11028.85,10889.8,11003.05
11/9/2019,11028.5,11054.8,11011.65,11035.7
12/9/2019,11058.3,11081.75,10964.95,10982.8
13/9/2019,10986.8,11084.45,10945.75,11075.9
16/9/2019,10994.85,11052.7,10968.2,11003.5
17/9/2019,11000.1,11000.1,10796.5,10817.6
18/9/2019,10872.8,10885.15,10804.85,10840.65
19/9/2019,10845.2,10845.2,10670.25,10704.8
20/9/2019,10746.8,11381.9,10691,11274.2
23/9/2019,11542.7,11694.85,11471.35,11600.2
24/9/2019,11590.7,11655.05,11539.2,11588.2
25/9/2019,11564.85,11564.95,11416.1,11440.2
26/9/2019,11469.85,11610.85,11466.35,11571.2
27/9/2019,11556.35,11593.6,11499.75,11512.4
30/9/2019,11491.15,11508.25,11390.8,11474.45
1/10/2019,11515.4,11554.2,11247.9,11359.9
3/10/2019,11322.25,11370.4,11257.35,11314
4/10/2019,11388.45,11400.3,11158.35,11174.75
7/10/2019,11196.2,11233.85,11112.65,11126.4
9/10/2019,11152.95,11321.6,11090.15,11313.3
10/10/2019,11280.5,11293.35,11208.55,11234.55
11/10/2019,11257.7,11362.9,11189.4,11305.05
14/10/2019,11335.9,11420.45,11290.05,11341.15
15/10/2019,11360.85,11462.35,11342.1,11428.3
16/10/2019,11464.95,11481.05,11411.1,11464
17/10/2019,11466.3,11599.1,11439.65,11586.35
18/10/2019,11466.3,11684.7,11553.15,11661.85
22/10/2019,11657.15,11714.35,11573.65,11588.35
23/10/2019,11596.2,11651.6,11554.4,11604.1
24/10/2019,11661.65,11679.6,11534.65,11582.6
25/10/2019,11661.65,11646.9,11490.75,11583.9
27/10/2019,11662.25,11672.4,11604.6,11627.15
29/10/2019,11643.95,11809.4,11627.35,11786.85
30/10/2019,11883.9,11883.95,11784.45,11844.1
31/10/2019,11890.45,11945,11855.1,11877.45
1/11/2019,11886.6,11918.3,11843.35,11890.6
4/11/2019,11928.9,11989.15,11905.35,11941.3
5/11/2019,11974.6,11978.95,11861.9,11917.2
6/11/2019,11911.5,12002.9,11850.25,11966.05
7/11/2019,12021.1,12021.4,11946.85,12012.05
8/11/2019,11987.15,12034.15,11888.75,11908.15
11/11/2019,11879.2,11932.65,11853.95,11913.45
13/11/2019,11908.3,11946.8,11823.2,11840.45
14/11/2019,11858.75,11895.65,11802.65,11872.1
15/11/2019,11904.2,11973.65,11879.25,11895.45
18/11/2019,11915.15,11946.2,11867.6,11884.5
19/11/2019,11919.45,11958.85,11881.75,11940.1
20/11/2019,12004.75,12038.6,11966.05,11999.1
21/11/2019,12025.65,12028.2,11956.9,11968.4
22/11/2019,11967.3,11968.1,11883.5,11914.4
25/11/2019,11922.45,12084.5,11919.75,12073.75
26/11/2019,12110.2,12132.45,12006.35,12037.7
27/11/2019,12068.5,12114.9,12055.15,12100.7
28/11/2019,12132.1,12158.8,12099.95,12151.15
29/11/2019,12146.2,12147.4,12017.4,12056.05
2/12/2019,12137.05,12137.15,12023.7,12048.2
3/12/2019,12067.65,12068.6,11956.4,11994.2
4/12/2019,11969.95,12054.7,11935.3,12043.2
5/12/2019,12071.25,12081.2,11998.75,12018.4
6/12/2019,12047.35,12057.05,11888.85,11921.5
9/12/2019,11939.1,11981.95,11888.05,11937.5
10/12/2019,11950.5,11953.2,11844.7,11856.8
11/12/2019,11867.35,11923.2,11832.3,11910.15
12/12/2019,11944.3,12005.5,11934,11971.8
13/12/2019,12026.4,12098.85,12023.6,12086.7
16/12/2019,12131.35,12134.65,12046.3,12053.95
17/12/2019,12082.45,12182.75,12070.35,12165
18/12/2019,12197,12237.7,12163.45,12221.65
19/12/2019,12223.4,12268.35,12191.15,12259.7
20/12/2019,12266.45,12293.9,12252.75,12271.8
23/12/2019,12235.45,12287.15,12213.25,12262.75
24/12/2019,12269.25,12283.7,12202.1,12214.55
26/12/2019,12211.85,12221.55,12118.85,12126.55
27/12/2019,12172.9,12258.45,12157.9,12245.8
30/12/2019,12274.9,12286.45,12213.8,12255.85
31/12/2019,12247.1,12247.1,12151.8,12168.45
1/1/2020,12202.15,12222.2,12165.3,12182.5
2/1/2020,12198.55,12289.9,12195.25,12282.2
3/1/2020,12261.1,12265.6,12191.35,12226.65
6/1/2020,12170.6,12179.1,11974.2,11993.05
7/1/2020,12079.1,12152.15,12005.35,12052.95
8/1/2020,11939.1,12044.95,11929.6,12025.35
9/1/2020,12153.15,12224.05,12132.55,12215.9
10/1/2020,12271,12311.2,12213.2,12256.8
13/1/2020,12296.7,12337.75,12285.8,12329.55
14/1/2020,12333.1,12374.25,12308.7,12362.3
15/1/2020,12349.4,12355.15,12278.75,12343.3
16/1/2020,12347.1,12389.05,12315.8,12355.5
17/1/2020,12328.4,12385.45,12321.4,12352.35
20/1/2020,12430.5,12430.5,12216.9,12224.55
21/1/2020,12195.3,12230.05,12162.3,12169.85
22/1/2020,12218.35,12225.05,12087.9,12106.9
23/1/2020,12123.75,12189,12094.1,12180.35
24/1/2020,12174.55,12272.15,12149.65,12248.25
27/1/2020,12197.1,12216.6,12107,12119
28/1/2020,12148.1,12163.55,12024.5,12055.8
29/1/2020,12114.9,12169.6,12103.8,12129.5
30/1/2020,12147.75,12150.3,12010.6,12035.8
31/1/2020,12100.4,12103.55,11945.85,11962.1
1/2/2020,11939,12017.35,11633.3,11661.85
3/2/2020,11627.45,11749.85,11614.5,11707.9
4/2/2020,11786.25,11986.15,11783.4,11979.65
5/2/2020,12005.85,12098.15,11953.35,12089.15
6/2/2020,12120,12160.6,12084.65,12137.95
7/2/2020,12151.15,12154.7,12073.95,12098.35
10/2/2020,12102.35,12103.55,11990.75,12031.5
11/2/2020,12108.4,12172.3,12099,12107.9
12/2/2020,12151,12231.75,12144.3,12201.2
13/2/2020,12219.55,12225.65,12139.8,12174.65
14/2/2020,12190.15,12246.7,12091.2,12113.45
17/2/2020,12131.8,12159.6,12037,12045.8
18/2/2020,12028.25,12030.75,11908.05,11992.5
19/2/2020,12090.6,12134.7,12042.1,12125.9
20/2/2020,12119,12152,12071.45,12080.85
24/2/2020,12012.55,12012.55,11813.4,11829.4
25/2/2020,11877.5,11883.05,11779.9,11797.9
26/2/2020,11738.55,11783.25,11639.6,11678.5
27/2/2020,11661.25,11663.85,11536.7,11633.3
28/2/2020,11382,11384.8,11175.05,11201.75
2/3/2020,11387.35,11433,11036.25,11132.75
3/3/2020,11217.55,11342.25,11152.55,11303.3
4/3/2020,11351.35,11356.6,11082.15,11251
5/3/2020,11306.05,11389.5,11244.6,11269
6/3/2020,10942.65,11035.1,10827.4,10989.45
9/3/2020,10742.05,10751.55,10294.45,10451.45
11/3/2020,10334.3,10545.1,10334,10458.4
12/3/2020,10039.95,10040.75,9508,9590.15
13/3/2020,9107.6,10159.4,8555.15,9955.2
16/3/2020,9587.8,9602.2,9165.1,9197.4
17/3/2020,9285.4,9403.8,8915.6,8967.05
18/3/2020,9088.45,9127.55,8407.05,8468.8
19/3/2020,8063.3,8575.45,7832.55,8263.45
20/3/2020,8284.45,8883,8178.2,8745.45
23/3/2020,7945.7,8159.25,7583.6,7610.25
24/3/2020,7848.3,8036.95,7511.1,7801.05
25/3/2020,7735.15,8376.75,7714.75,8317.85
26/3/2020,8451,8749.05,8304.9,8641.45
27/3/2020,8949.1,9038.9,8522.9,8660.25
30/3/2020,8385.95,8576,8244,8281.1
31/3/2020,8529.35,8678.3,8358,8597.75
1/4/2020,8584.1,8588.1,8198.35,8253.8
3/4/2020,8356.55,8356.55,8055.8,8083.8
7/4/2020,8446.3,8819.4,8360.95,8792.2
8/4/2020,8688.9,9131.7,8653.9,8748.75
9/4/2020,8973.05,9128.35,8904.55,9111.9
13/4/2020,9103.95,9112.05,8912.4,8993.85
15/4/2020,9196.4,9261.2,8874.1,8925.3
16/4/2020,8851.25,9053.75,8821.9,8992.8
17/4/2020,9323.45,9324,9091.35,9266.75
20/4/2020,9390.2,9390.85,9230.8,9261.85
21/4/2020,9016.95,9044.4,8909.4,8981.45
22/4/2020,9026.75,9209.75,8946.25,9187.3
23/4/2020,9232.35,9343.6,9170.15,9313.9
24/4/2020,9163.9,9296.9,9141.3,9154.4
27/4/2020,9259.7,9377.1,9250.35,9282.3
28/4/2020,9389.8,9404.4,9260,9380.9
29/4/2020,9408.6,9599.85,9392.35,9553.35
30/4/2020,9753.5,9889.05,9731.5,9859.9
4/5/2020,9533.5,9533.5,9266.95,9293.5
5/5/2020,9429.4,9450.9,9190.75,9205.6
6/5/2020,9226.8,9346.9,9116.5,9270.9
7/5/2020,9234.05,9277.85,9175.9,9199.05
8/5/2020,9376.95,9382.65,9238.2,9251.5
11/5/2020,9348.15,9439.9,9219.95,9239.2
12/5/2020,9168.85,9240.85,9043.95,9196.55
13/5/2020,9584.2,9584.5,9351.1,9383.55
14/5/2020,9213.95,9281.1,9119.75,9142.75
15/5/2020,9182.4,9182.4,9050,9136.85
18/5/2020,9158.3,9158.3,8806.75,8823.25
19/5/2020,8961.7,9030.35,8855.3,8879.1
20/5/2020,8889.15,9093.8,8875.35,9066.55
21/5/2020,9079.45,9178.55,9056.1,9106.25
22/5/2020,9067.9,9149.6,8968.55,9039.25
26/5/2020,9099.75,9161.65,8996.65,9029.05
27/5/2020,9082.2,9334,9004.25,9314.95
28/5/2020,9364.95,9511.25,9336.5,9490.1
29/5/2020,9422.2,9598.85,9376.9,9580.3
1/6/2020,9726.85,9931.6,9706.95,9826.15
2/6/2020,9880.85,9995.6,9824.05,9979.1
3/6/2020,10108.3,10176.2,10035.55,10061.55
4/6/2020,10054.25,10123.85,9944.25,10029.1
5/6/2020,10093.8,10177.8,10040.75,10142.15
8/6/2020,10326.75,10328.5,10120.25,10167.45
9/6/2020,10181.15,10291.15,10021.45,10046.65
10/6/2020,10072.6,10148.75,10036.85,10116.15
11/6/2020,10094.1,10112.05,9885.05,9902
12/6/2020,9544.95,9996.05,9544.35,9972.9
15/6/2020,9919.35,9943.35,9726.35,9813.7
16/6/2020,10014.8,10046.15,9728.5,9914
17/6/2020,9876.7,10003.6,9833.8,9881.15
18/6/2020,9863.25,10111.2,9845.05,10091.65
19/6/2020,10119,10272.4,10072.65,10244.4
22/6/2020,10318.75,10393.65,10277.6,10311.2
23/6/2020,10347.95,10484.7,10301.75,10471
24/6/2020,10529.25,10553.15,10281.95,10305.3
25/6/2020,10235.55,10361.8,10194.5,10288.9
26/6/2020,10378.9,10409.85,10311.25,10383
29/6/2020,10311.95,10337.95,10223.6,10312.4
30/6/2020,10382.6,10401.05,10267.35,10302.1
1/7/2020,10323.8,10447.05,10299.6,10430.05
2/7/2020,10493.05,10598.2,10485.55,10551.7
3/7/2020,10614.95,10631.3,10562.65,10607.35
6/7/2020,10723.85,10811.4,10695.1,10763.65
7/7/2020,10802.85,10813.8,10689.7,10799.65
8/7/2020,10818.65,10847.85,10676.55,10705.75
9/7/2020,10755.55,10836.85,10733,10813.45
10/7/2020,10764.1,10819.4,10713,10768.05
13/7/2020,10851.85,10894.05,10756.05,10802.7
14/7/2020,10750.85,10755.65,10562.9,10607.35
15/7/2020,10701,10827.45,10577.75,10618.2
16/7/2020,10706.2,10755.3,10595.2,10739.95
17/7/2020,10752,10933.45,10749.65,10901.7
20/7/2020,10999.45,11037.9,10953,11022.2
21/7/2020,11126.1,11179.55,11113.25,11162.25
22/7/2020,11231.2,11238.1,11056.55,11132.6
23/7/2020,11135,11239.8,11103.15,11215.45
24/7/2020,11149.95,11225.4,11090.3,11194.15
27/7/2020,11225,11225,11087.85,11131.8
28/7/2020,11154.1,11317.75,11151.4,11300.55
29/7/2020,11276.9,11341.4,11149.75,11202.85
30/7/2020,11254.3,11299.95,11084.95,11102.15
31/7/2020,11139.5,11150.4,11026.65,11073.45
3/8/2020,11057.55,11058.05,10882.25,10891.6
4/8/2020,10946.65,11112.25,10908.1,11095.25
5/8/2020,11155.75,11225.65,11064.05,11101.65
6/8/2020,11185.7,11256.8,11127.3,11200.15
7/8/2020,11186.65,11231.9,11142.05,11214.05
10/8/2020,11270.25,11337.3,11238,11270.15
11/8/2020,11322.25,11373.6,11299.15,11322.5
12/8/2020,11289,11322,11242.65,11308.4
13/8/2020,11334.85,11359.3,11269.95,11300.45
14/8/2020,11353.3,11366.25,11111.45,11178.4
17/8/2020,11248.9,11267.1,11144.5,11247.1
18/8/2020,11259.8,11401.7,11253.15,11385.35
19/8/2020,11452.15,11460.35,11394.1,11408.4
20/8/2020,11317.45,11361.45,11289.8,11312.2
21/8/2020,11409.65,11418.5,11362.2,11371.6
24/8/2020,11412,11497.25,11410.65,11466.45
25/8/2020,11513.1,11525.9,11423.35,11472.25
26/8/2020,11512.85,11561.75,11461.85,11549.6
27/8/2020,11609.3,11617.35,11540.6,11559.25
28/8/2020,11602.95,11686.05,11589.4,11647.6
31/8/2020,11777.55,11794.25,11325.85,11387.5
1/9/2020,11464.3,11553.55,11366.9,11470.25
2/9/2020,11478.55,11554.75,11430.4,11535
3/9/2020,11566.2,11584.95,11507.65,11527.45
4/9/2020,11566.2,11452.05,11303.65,11333.85
7/9/2020,11359.6,11381.15,11251.7,11355.05
8/9/2020,11378.55,11437.25,11290.45,11317.35
9/9/2020,11218.6,11298.15,11185.15,11278
10/9/2020,11363.3,11464.05,11327.4,11449.25
11/9/2020,11447.8,11493.5,11419.9,11464.45
14/9/2020,11540.15,11568.9,11383.55,11440.05
15/9/2020,11487.2,11535.95,11442.25,11521.8
16/9/2020,11538.45,11618.1,11516.75,11604.55
17/9/2020,11539.4,11587.2,11498.5,11516.1
18/9/2020,11584.1,11584.1,11446.1,11504.95
21/9/2020,11503.8,11535.25,11218.5,11250.55
22/9/2020,11301.75,11302.2,11084.65,11153.65
23/9/2020,11258.75,11259.55,11024.4,11131.85
24/9/2020,11011,11015.3,10790.2,10805.55
25/9/2020,10910.4,11072.6,10854.85,11050.25
28/9/2020,11140.85,11239.35,11099.85,11227.55
29/9/2020,11288.6,11305.4,11181,11222.4
30/9/2020,11244.45,11295.4,11184.55,11247.55
1/10/2020,11364.45,11428.6,11347.05,11416.95
5/10/2020,11487.8,11578.05,11452.3,11503.35
6/10/2020,11603.45,11680.3,11564.3,11662.4
7/10/2020,11679.25,11763.05,11629.35,11738.85
8/10/2020,11835.4,11905.7,11791.15,11834.6
9/10/2020,11852.05,11938.6,11805.2,11914.2
12/10/2020,11973.55,12022.05,11867.2,11930.95
13/10/2020,11934.65,11988.2,11888.9,11934.5
14/10/2020,11917.4,11997.2,11822.15,11971.05
15/10/2020,12023.45,12025.45,11661.3,11680.35
16/10/2020,11727.4,11789.75,11667.85,11762.45
19/10/2020,11879.2,11898.25,11820.4,11873.05
20/10/2020,11861,11949.25,11837.25,11896.8
21/10/2020,11958.55,12018.65,11775.75,11937.65
22/10/2020,11890,11939.55,11823.45,11896.45
23/10/2020,11957.9,11974.55,11908.75,11930.35
26/10/2020,11937.4,11942.85,11711.7,11767.75
27/10/2020,11807.1,11899.05,11723,11889.4
28/10/2020,11922.6,11929.4,11684.85,11729.6
29/10/2020,11633.3,11744.15,11606.45,11670.8
30/10/2020,11678.45,11748.95,11535.45,11642.4
2/11/2020,11697.35,11725.65,11557.4,11669.15
3/11/2020,11734.45,11836.2,11723.3,11813.5
4/11/2020,11783.35,11929.65,11756.4,11908.5
5/11/2020,12062.4,12131.1,12027.6,12120.3
6/11/2020,12156.65,12280.4,12131.85,12263.55
9/11/2020,12399.4,12474.05,12367.35,12461.05
10/11/2020,12556.4,12643.9,12475.25,12631.1
11/11/2020,12680.6,12769.75,12571.1,12749.15
12/11/2020,12702.15,12741.15,12624.85,12690.8
13/11/2020,12659.7,12735.95,12607.7,12719.95
17/11/2020,12932.5,12934.05,12797.1,12874.2
18/11/2020,12860.1,12948.85,12819.35,12938.25
19/11/2020,12839.5,12963,12745.75,12771.7
20/11/2020,12813.4,12892.45,12730.25,12859.05
23/11/2020,12960.3,12968.85,12825.7,12926.45
24/11/2020,13002.6,13079.1,12978,13055.15
25/11/2020,13130,13145.85,12833.65,12858.4
26/11/2020,12906.45,13018,12790.4,12987
27/11/2020,13012.05,13035.3,12914.3,12968.95
1/12/2020,13062.2,13128.4,12962.8,13109.05
2/12/2020,13121.4,13128.5,12983.55,13113.75
3/12/2020,13215.3,13216.6,13107.9,13133.9
4/12/2020,13177.4,13280.05,13152.85,13258.55
7/12/2020,13177.4,13366.65,13241.95,13355.75
8/12/2020,13393.85,13435.45,13311.05,13392.95
9/12/2020,13458.1,13548.9,13449.6,13529.1
10/12/2020,13488.5,13503.55,13399.3,13478.3
11/12/2020,13512.3,13579.35,13402.85,13513.85
14/12/2020,13571.45,13597.5,13472.45,13558.15
15/12/2020,13547.2,13589.65,13447.05,13567.85
16/12/2020,13663.1,13692.35,13606.45,13682.7
17/12/2020,13713.55,13773.25,13673.55,13740.7
18/12/2020,13764.4,13772.85,13658.6,13760.55
21/12/2020,13741.9,13777.5,13131.45,13328.4
22/12/2020,13373.65,13492.05,13192.9,13466.3
23/12/2020,13473.5,13619.45,13432.2,13601.1
24/12/2020,13672.15,13771.75,13626.9,13749.25
28/12/2020,13815.15,13885.3,13811.55,13873.2
29/12/2020,13910.35,13967.6,13859.9,13932.6
30/12/2020,13980.9,13997,13864.95,13981.95
31/12/2020,13970,14024.85,13936.45,13981.75
1/1/2021,13996.1,14049.85,13991.35,14018.5
4/1/2021,14104.35,14147.95,13953.75,14132.9
5/1/2021,14075.15,14215.6,14048.15,14199.5
6/1/2021,14240.95,14244.15,14039.9,14146.25
7/1/2021,14253.75,14256.25,14123.1,14137.35
8/1/2021,14258.4,14367.3,14221.65,14347.25
11/1/2021,14474.05,14498.2,14383.1,14484.75
12/1/2021,14473.8,14590.65,14432.85,14563.45
13/1/2021,14639.8,14653.35,14435.7,14564.85
14/1/2021,14550.05,14617.8,14471.5,14595.6
15/1/2021,14594.35,14617.45,14357.85,14433.7
18/1/2021,14453.3,14459.15,14222.8,14281.3
19/1/2021,14371.65,14546.05,14350.85,14521.15
20/1/2021,14538.3,14666.45,14517.55,14644.7
21/1/2021,14730.95,14753.55,14517.25,14590.35
22/1/2021,14583.4,14619.9,14357.75,14371.9
25/1/2021,14477.8,14491.1,14218.6,14238.9
27/1/2021,14237.95,14237.95,13929.3,13967.5
28/1/2021,13810.4,13898.25,13713.25,13817.55
29/1/2021,13946.6,13966.85,13596.75,13634.6
1/2/2021,13758.6,14336.35,13661.75,14281.2
2/2/2021,14481.1,14731.7,14469.15,14647.85
3/2/2021,14754.9,14868.85,14574.15,14789.95
4/2/2021,14789.05,14913.7,14714.75,14895.65
5/2/2021,14952.6,15014.65,14864.75,14924.25
8/2/2021,15064.3,15159.9,15041.05,15115.8
9/2/2021,15164.15,15257.1,15064.3,15109.3
10/2/2021,15119.05,15168.25,14977.2,15106.5
11/2/2021,15073.25,15188.5,15065.4,15173.3
12/2/2021,15186.2,15243.5,15081,15163.3
15/2/2021,15270.3,15340.15,15243.4,15314.7
16/2/2021,15371.45,15431.75,15242.2,15313.45
17/2/2021,15279.9,15314.3,15170.75,15208.9
18/2/2021,15238.7,15250.75,15078.05,15118.95
19/2/2021,15074.8,15144.05,14898.2,14981.75
22/2/2021,14999.05,15010.1,14635.05,14675.7
23/2/2021,14782.25,14854.5,14651.85,14707.8
24/2/2021,14729.15,15008.8,14723.05,14982
25/2/2021,15079.85,15176.5,15065.35,15097.35
26/2/2021,14888.6,14919.45,14467.75,14529.15
1/3/2021,14702.5,14806.8,14638.55,14761.55
2/3/2021,14865.3,14959.1,14760.8,14919.1
3/3/2021,15064.4,15273.15,14995.8,15245.6
4/3/2021,15026.75,15202.35,14980.2,15080.75
5/3/2021,14977.95,15092.35,14862.1,14938.1
8/3/2021,15002.45,15111.15,14919.9,14956.2
9/3/2021,15049.9,15126.85,14925.45,15098.4
10/3/2021,15202.15,15218.45,15100.85,15174.8
12/3/2021,15321.15,15336.3,14953.6,15030.95
15/3/2021,15048.4,15048.4,14745.85,14929.5
16/3/2021,14996.1,15051.6,14890.65,14910.45
17/3/2021,14946.55,14956.55,14696.05,14721.3
18/3/2021,14855.5,14875.2,14478.6,14557.85
19/3/2021,14471.15,14788.25,14350.1,14744
22/3/2021,14736.3,14763.9,14597.85,14736.4
23/3/2021,14768.55,14878.6,14707,14814.75
24/3/2021,14712.45,14752.35,14535,14549.4
25/3/2021,14570.9,14575.6,14264.4,14324.9
26/3/2021,14506.3,14572.9,14414.25,14507.3
30/3/2021,14628.5,14876.3,14617.6,14845.1
31/3/2021,14811.85,14813.75,14670.25,14690.7
1/4/2021,14798.4,14883.2,14692.45,14867.35
5/4/2021,14837.7,14849.85,14459.5,14637.8
6/4/2021,14737,14779.1,14573.9,14683.5
7/4/2021,14716.45,14879.8,14649.85,14819.05
8/4/2021,14875.65,14984.15,14821.1,14873.8
9/4/2021,14882.65,14918.45,14785.65,14834.85
12/4/2021,14644.65,14652.5,14248.7,14310.8
13/4/2021,14364.9,14528.9,14274.9,14504.8
15/4/2021,14522.4,14597.55,14353.2,14581.45
16/4/2021,14599.6,14697.7,14559,14617.85
19/4/2021,14306.6,14382.3,14191.4,14359.45
20/4/2021,14526.7,14526.95,14207.3,14296.4
22/4/2021,14219.15,14424.75,14151.4,14406.15
23/4/2021,14326.35,14461.15,14273.3,14341.35
26/4/2021,14449.45,14557.5,14421.3,14485
27/4/2021,14493.8,14667.55,14484.85,14653.05
28/4/2021,14710.5,14890.25,14694.95,14864.55
29/4/2021,14979,15044.35,14814.45,14894.9
30/4/2021,14747.35,14855.45,14601.7,14631.1
3/5/2021,14481.05,14673.85,14416.25,14634.15
4/5/2021,14687.25,14723.4,14461.5,14496.5
5/5/2021,14604.15,14637.9,14506.6,14617.85
6/5/2021,14668.35,14743.9,14611.5,14724.8
7/5/2021,14816.85,14863.05,14765.5,14823.15
10/5/2021,14928.25,14966.9,14892.5,14942.35
11/5/2021,14789.7,14900,14771.4,14850.75
12/5/2021,14823.55,14824.05,14649.7,14696.5
14/5/2021,14749.4,14749.65,14591.9,14677.8
17/5/2021,14756.25,14938,14725.35,14923.15
18/5/2021,15067.2,15137.25,15043.7,15108.1
19/5/2021,15058.6,15133.4,15008.85,15030.15
20/5/2021,15042.6,15069.8,14884.9,14906.05
21/5/2021,14987.8,15190,14985.85,15175.3
24/5/2021,15211.35,15256.25,15145.45,15197.7
25/5/2021,15291.75,15293.85,15163.4,15208.45
26/5/2021,15257.05,15319.9,15194.95,15301.45
27/5/2021,15323.95,15384.55,15272.5,15337.85
28/5/2021,15421.2,15469.65,15394.75,15435.65
31/5/2021,15437.75,15606.35,15374,15582.8
1/6/2021,15629.65,15660.75,15528.3,15574.85
2/6/2021,15520.35,15597.45,15459.85,15576.2
3/6/2021,15655.55,15705.1,15611,15690.35
4/6/2021,15712.5,15733.6,15622.35,15670.25
7/6/2021,15725.1,15773.45,15678.1,15751.65
8/6/2021,15773.9,15778.8,15680,15740.1
9/6/2021,15766.3,15800.45,15566.9,15635.35
10/6/2021,15692.1,15751.25,15648.5,15737.75
11/6/2021,15796.45,15835.55,15749.8,15799.35
14/6/2021,15791.4,15823.05,15606.5,15811.85
15/6/2021,15866.95,15901.6,15842.4,15869.25
16/6/2021,15847.5,15880.85,15742.6,15767.55
17/6/2021,15648.3,15769.35,15616.75,15691.4
18/6/2021,15756.5,15761.5,15450.9,15683.35
21/6/2021,15525.85,15765.15,15505.65,15746.5
22/6/2021,15840.5,15895.75,15752.1,15772.75
23/6/2021,15862.8,15862.95,15673.95,15686.95
24/6/2021,15737.3,15821.4,15702.7,15790.45
25/6/2021,15839.35,15870.8,15772.3,15860.35
28/6/2021,15915.35,15915.65,15792.15,15814.7
29/6/2021,15807.5,15835.9,15724.05,15748.45
30/6/2021,15776.9,15839.1,15708.75,15721.5
1/7/2021,15755.05,15755.55,15667.05,15680
2/7/2021,15705.85,15738.35,15635.95,15722.2
5/7/2021,15793.4,15845.95,15762.05,15834.35
6/7/2021,15813.75,15914.2,15801,15818.25
7/7/2021,15819.6,15893.55,15779.7,15879.65
8/7/2021,15855.4,15885.75,15682.9,15727.9
9/7/2021,15688.25,15730.85,15632.75,15689.8
12/7/2021,15766.8,15789.2,15644.75,15692.6
13/7/2021,15794,15820.8,15744.6,15812.35
14/7/2021,15808.7,15877.35,15764.2,15853.95
15/7/2021,15872.15,15952.35,15855,15924.2
16/7/2021,15958.35,15962.25,15882.6,15923.4
19/7/2021,15754.5,15836.9,15707.5,15752.4
20/7/2021,15703.95,15728.45,15578.55,15632.1
22/7/2021,15736.6,15834.8,15726.4,15824.05
23/7/2021,15856.8,15899.8,15768.4,15856.05
26/7/2021,15849.3,15893.35,15797,15824.45
27/7/2021,15860.5,15881.55,15701,15746.45
28/7/2021,15761.55,15767.5,15513.45,15709.4
29/7/2021,15762.7,15817.35,15737.8,15778.45
30/7/2021,15800.6,15862.8,15744.85,15763.05
2/8/2021,15874.9,15892.9,15834.65,15885.15
3/8/2021,15951.55,16146.9,15914.35,16130.75
4/8/2021,16195.25,16290.2,16176.15,16258.8
5/8/2021,16288.95,16349.45,16210.3,16294.6
6/8/2021,16304.4,16336.75,16223.3,16238.2
9/8/2021,16281.35,16320.75,16179.05,16258.25
10/8/2021,16274.8,16359.25,16202.25,16280.1
11/8/2021,16327.3,16338.75,16162.55,16282.25
12/8/2021,16303.65,16375.5,16286.9,16364.4
13/8/2021,16385.7,16543.6,16376.3,16529.1
16/8/2021,16518.4,16589.4,16480.75,16563.05
17/8/2021,16545.25,16628.55,16495.4,16614.6
18/8/2021,16691.95,16701.85,16535.85,16568.85
20/8/2021,16382.5,16509.55,16376.05,16450.5
23/8/2021,16592.25,16592.5,16395.7,16496.45
24/8/2021,16561.4,16647.1,16495.3,16624.6
25/8/2021,16654,16712.45,16617.5,16634.65
26/8/2021,16627.95,16683.7,16603.4,16636.9
27/8/2021,16642.55,16722.05,16565.6,16705.2
30/8/2021,16775.85,16951.5,16764.85,16931.05
31/8/2021,16947.5,17153.5,16915.85,17132.2
1/9/2021,17185.6,17225.75,17055.05,17076.25
2/9/2021,17095.4,17245.5,17059.7,17234.15
3/9/2021,17262.45,17340.1,17212.2,17323.6
6/9/2021,17399.35,17429.55,17345.55,17377.8
7/9/2021,17401.55,17436.5,17287,17362.1
8/9/2021,17375.75,17383.4,17254.2,17353.5
9/9/2021,17312.85,17379.65,17302.7,17369.25
13/9/2021,17363.55,17378.35,17269.15,17355.3
14/9/2021,17420.35,17438.55,17367.05,17380
15/9/2021,17387.65,17532.7,17386.9,17519.45
16/9/2021,17539.2,17644.6,17510.45,17629.5
17/9/2021,17709.65,17792.95,17537.65,17585.15
20/9/2021,17443.85,17622.75,17361.8,17396.9
21/9/2021,17450.5,17578.35,17326.1,17562
22/9/2021,17580.9,17610.45,17524,17546.65
23/9/2021,17670.85,17843.9,17646.55,17822.95
24/9/2021,17897.45,17947.65,17819.4,17853.2
27/9/2021,17932.2,17943.5,17802.9,17855.1
28/9/2021,17906.45,17912.85,17576.1,17748.6
29/9/2021,17657.95,17781.75,17608.15,17711.3
30/9/2021,17718.9,17742.15,17585.35,17618.15
1/10/2021,17531.9,17557.15,17452.9,17532.05
4/10/2021,17615.55,17750.9,17581.35,17691.25
5/10/2021,17661.35,17833.45,17640.9,17822.3
6/10/2021,17861.5,17884.6,17613.15,17646
7/10/2021,17810.55,17857.55,17763.8,17790.35
8/10/2021,17886.85,17941.85,17840.35,17895.2
11/10/2021,17867.55,18041.95,17839.1,17945.95
12/10/2021,17915.8,18008.65,17864.95,17991.95
13/10/2021,18097.85,18197.8,18050.75,18161.75
14/10/2021,18272.85,18350.75,18248.7,18338.55
18/10/2021,18500.1,18543.15,18445.3,18477.05
19/10/2021,18602.35,18604.45,18377.7,18418.75
20/10/2021,18439.9,18458.3,18209.35,18266.6
21/10/2021,18382.7,18384.2,18048,18178.1
22/10/2021,18230.7,18314.25,18034.35,18114.9
25/10/2021,18229.5,18241.4,17968.5,18125.4
26/10/2021,18154.5,18310.45,18099.3,18268.4
27/10/2021,18295.85,18342.05,18167.9,18210.95
28/10/2021,18187.65,18190.7,17799.45,17857.25
29/10/2021,17833.05,17915.85,17613.1,17671.65
1/11/2021,17783.15,17954.1,17697.1,17929.65
2/11/2021,17970.9,18012.25,17847.6,17888.95
3/11/2021,17947.95,17988.75,17757.95,17829.2
4/11/2021,17935.05,17947.55,17900.6,17916.8
8/11/2021,18040.2,18087.8,17836.1,18068.55
9/11/2021,18084.35,18112.6,17983.05,18044.25
10/11/2021,17973.45,18061.25,17915,18017.2
11/11/2021,17967.45,17971.35,17798.2,17873.6
12/11/2021,17977.6,18123,17905.9,18102.75
15/11/2021,18140.95,18210.15,18071.3,18109.45
16/11/2021,18127.05,18132.65,17958.8,17999.2
17/11/2021,17939.35,18022.65,17879.25,17898.65
18/11/2021,17890.55,17945.6,17688.5,17764.8
22/11/2021,17796.25,17805.25,17280.45,17416.55
23/11/2021,17281.75,17553.7,17216.1,17503.35
24/11/2021,17550.05,17600.6,17354,17415.05
25/11/2021,17417.3,17564.35,17351.7,17536.25
26/11/2021,17338.75,17355.4,16985.7,17026.45
29/11/2021,17055.8,17160.7,16782.4,17053.95
30/11/2021,17051.15,17324.65,16931.4,16983.2
1/12/2021,17104.4,17213.05,17064.25,17166.9
2/12/2021,17183.2,17420.35,17149.3,17401.65
3/12/2021,17424.9,17489.8,17180.8,17196.7
6/12/2021,17209.05,17216.75,16891.7,16912.25
7/12/2021,17044.1,17251.65,16987.75,17176.7
8/12/2021,17315.25,17484.6,17308.95,17469.75
9/12/2021,17524.4,17543.25,17379.6,17516.85
10/12/2021,17476.05,17534.35,17405.25,17511.3
13/12/2021,17619.1,17639.5,17355.95,17368.25
14/12/2021,17283.2,17376.2,17225.8,17324.9
15/12/2021,17323.65,17351.2,17192.2,17221.4
16/12/2021,17373,17379.35,17184.95,17248.4
17/12/2021,17276,17298.15,16966.45,16985.2
20/12/2021,16824.25,16840.1,16410.2,16614.2
21/12/2021,16773.15,16936.4,16688.25,16770.85
22/12/2021,16865.55,16971,16819.5,16955.45
23/12/2021,17066.8,17118.65,17015.55,17072.6
24/12/2021,17149.5,17155.6,16909.6,17003.75
27/12/2021,16937.75,17112.05,16833.2,17086.25
28/12/2021,17177.6,17250.25,17161.15,17233.25
29/12/2021,17220.1,17285.95,17176.65,17213.6
30/12/2021,17201.45,17264.05,17146.35,17203.95
31/12/2021,17244.5,17400.8,17238.5,17354.05
3/1/2022,17387.15,17646.65,17383.3,17625.7
4/1/2022,17681.4,17827.6,17593.55,17805.25
5/1/2022,17820.1,17944.7,17748.85,17925.25
6/1/2022,17768.5,17797.95,17655.55,17745.9
7/1/2022,17797.6,17905,17704.55,17812.7
10/1/2022,17913.3,18017.45,17879.15,18003.3
11/1/2022,17997.75,18081.25,17964.4,18055.75
12/1/2022,18170.4,18227.95,18128.8,18212.35
13/1/2022,18257,18272.25,18163.8,18257.8
14/1/2022,18185,18286.95,18119.65,18255.75
17/1/2022,18235.65,18321.55,18228.75,18308.1
18/1/2022,18337.2,18350.95,18085.9,18113.05
19/1/2022,18129.2,18129.2,17884.9,17938.4
20/1/2022,17921,17943.7,17648.45,17757
21/1/2022,17613.7,17707.6,17485.85,17617.15
24/1/2022,17575.15,17599.4,16997.85,17149.1
25/1/2022,17001.55,17309.15,16836.8,17277.95
27/1/2022,17062,17182.5,16866.75,17110.15
28/1/2022,17208.3,17373.5,17077.1,17101.95
31/1/2022,17301.05,17410,17264.15,17339.85
1/2/2022,17529.45,17622.4,17244.55,17576.85
2/2/2022,17706.2,17794.6,17674.8,17780
3/2/2022,17767.75,17781.15,17511.15,17560.2
4/2/2022,17590.2,17617.8,17462.55,17516.3
8/2/2022,17456.3,17306.45,17043.65,17266.75
9/2/2022,17370.1,17477.15,17339,17463.8
10/2/2022,17554.1,17639.45,17427.15,17605.85
11/2/2022,17451,17454.75,17303,17374.75
14/2/2022,17076.15,17099.5,16809.65,16842.8
15/2/2022,16933.25,17375,16839.25,17352.45
16/2/2022,17408.45,17490.6,17257.7,17322.2
17/2/2022,17396.55,17442.9,17235.85,17304.6
18/2/2022,17236.05,17380.8,17219.2,17276.3
21/2/2022,17192.25,17351.05,17070.7,17206.65
22/2/2022,16847.95,17148.55,16843.8,17092.2
23/2/2022,17194.5,17220.7,17027.85,17063.25
24/2/2022,16548.9,16705.25,16203.25,16247.95
25/2/2022,16515.65,16748.8,16478.3,16658.4
28/2/2022,16481.6,16815.9,16356.3,16793.9
2/3/2022,16593.1,16678.5,16478.65,16605.95
3/3/2022,16723.2,16768.95,16442.95,16498.05
4/3/2022,16339.45,16456,16133.8,16245.35
7/3/2022,15867.95,15944.6,15711.45,15863.15
8/3/2022,15747.75,16028.75,15671.45,16013.45
9/3/2022,16078,16418.05,15990,16345.35
10/3/2022,16757.1,16757.3,16447.9,16594.9
11/3/2022,16528.8,16694.4,16470.9,16630.45
14/3/2022,16633.7,16887.95,16606.5,16871.3
15/3/2022,16900.65,16927.75,16555,16663
16/3/2022,16876.65,16987.9,16837.85,16975.35
17/3/2022,17202.9,17344.6,17175.75,17287.05
21/3/2022,17329.5,17353.35,17096.4,17117.6
22/3/2022,17120.4,17334.4,17006.3,17315.5
23/3/2022,17405.05,17442.4,17199.6,17245.65
24/3/2022,17094.95,17291.75,17091.15,17222.75
25/3/2022,17289,17294.9,17076.55,17153
28/3/2022,17181.85,17235.1,17003.9,17222
29/3/2022,17297.2,17343.65,17235.7,17325.3
30/3/2022,17468.15,17522.5,17387.2,17498.25
31/3/2022,17519.2,17559.8,17435.2,17464.75
1/4/2022,17436.9,17703.7,17422.7,17670.45
4/4/2022,17809.1,18114.65,17791.4,18053.4
5/4/2022,18080.6,18095.45,17921.55,17957.4
6/4/2022,17842.75,17901,17779.85,17807.65
7/4/2022,17723.3,17787.5,17623.7,17639.55
8/4/2022,17698.15,17842.75,17600.55,17784.35
11/4/2022,17740.9,17779.05,17650.95,17674.95
12/4/2022,17584.85,17595.3,17442.35,17530.3
13/4/2022,17599.9,17663.65,17457.4,17475.65
18/4/2022,17183.45,17237.75,17067.85,17173.65
19/4/2022,17258.95,17275.65,16824.7,16958.65
20/4/2022,17045.25,17186.9,16978.95,17136.55
21/4/2022,17234.6,17414.7,17215.5,17392.6
22/4/2022,17242.75,17315.3,17149.2,17171.95
25/4/2022,17009.05,17054.3,16888.7,16953.95
26/4/2022,17121.3,17223.85,17064.45,17200.8
27/4/2022,17073.35,17110.7,16958.45,17038.4
28/4/2022,17189.5,17322.5,17071.05,17245.05
29/4/2022,17329.25,17377.65,17053.25,17102.55
2/5/2022,16924.45,17092.25,16917.25,17069.1
4/5/2022,17096.6,17132.85,16623.95,16677.6
5/5/2022,16854.75,16945.7,16651.85,16682.65
6/5/2022,16415.55,16484.2,16340.9,16411.25
9/5/2022,16227.7,16403.7,16142.1,16301.85
10/5/2022,16248.9,16404.55,16197.3,16240.05
11/5/2022,16270.05,16318.75,15992.6,16167.1
12/5/2022,16021.1,16041.95,15735.75,15808
13/5/2022,15977,16083.6,15740.85,15782.15
16/5/2022,15845.1,15977.95,15739.65,15842.3
17/5/2022,15912.6,16284.25,15900.8,16259.3
18/5/2022,16318.15,16399.8,16211.2,16240.3
19/5/2022,15917.4,15984.75,15775.2,15809.4
20/5/2022,16043.8,16283.05,16003.85,16266.15
23/5/2022,16290.95,16414.7,16185.75,16214.7
24/5/2022,16225.55,16262.8,16078.6,16125.15
25/5/2022,16196.35,16223.35,16006.95,16025.8
26/5/2022,16105,16204.45,15903.7,16170.15
27/5/2022,16296.6,16370.6,16221.95,16352.45
30/5/2022,16527.9,16695.5,16506.15,16661.4
31/5/2022,16578.45,16690.75,16521.9,16584.55
1/6/2022,16594.4,16649.2,16438.85,16522.75
2/6/2022,16481.65,16646.4,16443.05,16628
3/6/2022,16761.65,16793.85,16567.9,16584.3
6/6/2022,16530.7,16610.95,16444.55,16569.55
7/6/2022,16469.6,16487.25,16347.1,16416.35
8/6/2022,16474.95,16514.3,16293.35,16356.25
9/6/2022,16263.85,16492.8,16243.85,16478.1
10/6/2022,16283.95,16324.7,16172.6,16201.8
13/6/2022,15877.55,15886.15,15684,15774.4
14/6/2022,15674.25,15858,15659.45,15732.1
15/6/2022,15729.25,15783.65,15678.9,15692.15
16/6/2022,15832.25,15863.15,15335.1,15360.6
17/6/2022,15272.65,15400.4,15183.4,15293.5
20/6/2022,15334.5,15382.5,15191.1,15350.15
21/6/2022,15455.95,15707.25,15419.85,15638.8
22/6/2022,15545.65,15565.4,15385.95,15413.3
23/6/2022,15451.55,15628.45,15367.5,15556.65
24/6/2022,15657.4,15749.25,15619.45,15699.25
27/6/2022,15926.2,15927.45,15815.5,15832.05
28/6/2022,15757.45,15892.1,15710.15,15850.2
29/6/2022,15701.7,15861.6,15687.8,15799.1
30/6/2022,15774.5,15890,15728.85,15780.25
1/7/2022,15703.7,15793.95,15511.05,15752.05
4/7/2022,15710.5,15852.35,15661.8,15835.35
5/7/2022,15909.15,16025.75,15785.45,15810.85
6/7/2022,15818.2,16011.35,15800.9,15989.8
7/7/2022,16113.75,16150.5,16045.95,16132.9
8/7/2022,16273.65,16275.5,16157.9,16220.6
11/7/2022,16136.15,16248.55,16115.5,16216
12/7/2022,16126.2,16158.75,16031.15,16058.3
13/7/2022,16128.2,16140,15950.15,15966.65
14/7/2022,16018.85,16070.85,15858.2,15938.65
15/7/2022,16010.8,16066.95,15927.3,16049.2
18/7/2022,16151.4,16287.95,16142.2,16278.5
19/7/2022,16187.05,16359.5,16187.05,16340.55
20/7/2022,16562.8,16588,16490.95,16520.85
21/7/2022,16523.55,16626.95,16483.9,16605.25
22/7/2022,16661.25,16752.25,16610.9,16719.45
25/7/2022,16662.55,16706.05,16564.25,16631
26/7/2022,16632.9,16636.1,16463.3,16483.85
27/7/2022,16475.35,16653.45,16438.75,16641.8
28/7/2022,16475.35,16947.65,16746.25,16929.6
29/7/2022,17079.5,17172.8,17018.15,17158.25
1/8/2022,17243.2,17356.25,17154.8,17340.05
2/8/2022,17310.15,17390.15,17215.85,17345.45
3/8/2022,17349.25,17407.5,17225.85,17388.15
4/8/2022,17463.1,17490.7,17161.25,17382
5/8/2022,17423.65,17474.4,17348.75,17397.5
8/8/2022,17401.5,17548.8,17359.75,17525.1
10/8/2022,17566.1,17566.1,17442.8,17534.75
11/8/2022,17711.65,17719.3,17631.95,17659
12/8/2022,17659.65,17724.65,17597.85,17698.15
16/8/2022,17797.2,17839.1,17764.05,17825.25
17/8/2022,17868.15,17965.95,17833.35,17944.25
18/8/2022,17898.65,17968.45,17852.05,17956.5
19/8/2022,17966.55,17992.2,17710.75,17758.45
22/8/2022,17682.9,17690.05,17467.35,17490.7
23/8/2022,17357.35,17625.55,17345.2,17577.5
24/8/2022,17525.45,17623.65,17499.25,17604.95
25/8/2022,17679,17726.5,17487.45,17522.45
26/8/2022,17619.3,17685.85,17519.35,17558.9
29/8/2022,17188.65,17380.15,17166.2,17312.9
30/8/2022,17414.95,17777.65,17401.5,17759.3
1/9/2022,17485.7,17695.6,17468.45,17542.8
2/9/2022,17598.4,17643.85,17476.45,17539.45
5/9/2022,17546.45,17683.15,17540.35,17665.8
6/9/2022,17695.7,17764.65,17587.65,17655.6
7/9/2022,17519.4,17650.75,17484.3,17624.4
8/9/2022,17748.15,17807.65,17691.95,17798.75
9/9/2022,17923.35,17925.95,17786,17833.35
12/9/2022,17890.85,17980.55,17889.15,17936.35
13/9/2022,18044.45,18088.3,18015.45,18070.05
14/9/2022,17771.15,18091.55,17771.15,18003.75
15/9/2022,18046.35,18096.15,17861.5,17877.4
16/9/2022,17796.8,17820.05,17497.25,17530.85
19/9/2022,17540.65,17667.2,17429.7,17622.25
20/9/2022,17770.4,17919.3,17744.4,17816.25
21/9/2022,17766.35,17838.7,17663.6,17718.35
22/9/2022,17609.65,17722.75,17532.45,17629.8
23/9/2022,17593.85,17642.15,17291.65,17327.35
26/9/2022,17156.3,17196.4,16978.3,17016.3
27/9/2022,17110.9,17176.45,16942.35,17007.4
28/9/2022,16870.55,17037.6,16820.4,16858.6
29/9/2022,16993.6,17026.05,16788.6,16818.1
30/9/2022,16798.05,17187.1,16747.7,17094.35
3/10/2022,17102.1,17114.65,16855.55,16887.35
4/10/2022,17147.45,17287.3,17117.3,17274.3
6/10/2022,17379.25,17428.8,17315.65,17331.8
7/10/2022,17287.2,17337.35,17216.95,17314.65
10/10/2022,17094.35,17280.15,17064.7,17241
11/10/2022,17256.05,17261.8,16950.3,16983.55
12/10/2022,17025.55,17142.35,16960.05,17123.6
13/10/2022,17087.35,17112.35,16956.95,17014.35
14/10/2022,17322.3,17348.55,17169.75,17185.7
17/10/2022,17144.8,17328.55,17098.55,17311.8
18/10/2022,17438.75,17527.8,17434.05,17486.95
19/10/2022,17568.15,17607.6,17472.85,17512.25
20/10/2022,17423.1,17584.15,17421,17563.95
21/10/2022,17622.85,17670.15,17520.75,17576.3
24/10/2022,17736.35,17777.55,17707.4,17730.75
25/10/2022,17808.3,17811.5,17637,17656.35
27/10/2022,17771.4,17783.9,17654.5,17736.95
28/10/2022,17756.4,17838.9,17723.7,17786.8
31/10/2022,17910.2,18022.8,17899.9,18012.2
1/11/2022,18130.7,18175.8,18060.15,18145.4
2/11/2022,18177.9,18178.75,18048.65,18082.85
3/11/2022,17968.35,18106.3,17959.2,18052.7
4/11/2022,18053.4,18135.1,18017.15,18117.15
7/11/2022,18211.75,18255.5,18064.75,18202.8
9/11/2022,18288.25,18296.4,18117.5,18157
10/11/2022,18044.35,18103.1,17969.4,18028.2
11/11/2022,18272.35,18362.3,18259.35,18349.7
14/11/2022,18376.4,18399.45,18311.4,18329.15
15/11/2022,18362.75,18427.95,18282,18403.4
16/11/2022,18398.25,18442.15,18344.15,18409.65
17/11/2022,18358.7,18417.6,18312.95,18343.9
18/11/2022,18382.95,18394.6,18209.8,18307.65
21/11/2022,18246.4,18262.3,18133.35,18159.95
22/11/2022,18179.15,18261.85,18137.7,18244.2
23/11/2022,18325.2,18325.4,18246,18267.25
24/11/2022,18326.1,18529.7,18294.25,18484.1
25/11/2022,18528.45,18534.9,18445.1,18512.75
28/11/2022,18430.55,18614.25,18365.6,18562.75
29/11/2022,18552.45,18678.1,18552.15,18618.05
30/11/2022,18625.7,18816.05,18616.55,18758.35
1/12/2022,18871.95,18887.6,18778.2,18812.5
2/12/2022,18752.4,18781.95,18639.2,18696.1
5/12/2022,18719.55,18728.6,18591.35,18701.05
6/12/2022,18600.65,18654.9,18577.9,18642.75
7/12/2022,18638.85,18668.3,18528.4,18560.5
8/12/2022,18570.85,18625,18536.95,18609.35
9/12/2022,18662.4,18664.7,18410.1,18496.6
12/12/2022,18402.15,18521.55,18345.7,18497.15
13/12/2022,18524.4,18617.25,18490.2,18608
14/12/2022,18671.25,18696.1,18632.9,18660.3
15/12/2022,18614.4,18652.9,18387.7,18414.9
16/12/2022,18319.1,18440.95,18255.15,18269
19/12/2022,18288.1,18431.65,18244.55,18420.45
20/12/2022,18340.3,18404.9,18202.65,18385.3
21/12/2022,18435.15,18473.35,18162.75,18199.1
22/12/2022,18288.8,18318.75,18068.6,18127.35
23/12/2022,17977.65,18050.45,17779.5,17806.8
26/12/2022,17830.4,18084.1,17774.25,18014.6
27/12/2022,18089.8,18149.25,17967.45,18132.3
28/12/2022,18084.75,18173.1,18068.35,18122.5
29/12/2022,18045.7,18229.7,17992.8,18191
30/12/2022,18259.1,18265.25,18080.3,18105.3
2/1/2023,18131.7,18215.15,18086.5,18197.45
3/1/2023,18163.2,18251.95,18149.8,18232.55
4/1/2023,18230.65,18243,18020.6,18042.95
5/1/2023,18101.95,18120.3,17892.6,17992.15
6/1/2023,18008.05,18047.4,17795.55,17859.45
9/1/2023,17952.55,18141.4,17936.15,18101.2
10/1/2023,18121.3,18127.6,17856,17914.15
11/1/2023,17924.25,17976.35,17824.35,17895.7
12/1/2023,17920.85,17945.8,17761.65,17858.2
13/1/2023,17867.5,17999.35,17774.25,17956.6
16/1/2023,18033.15,18049.65,17853.65,17894.85
17/1/2023,17922.8,18072.05,17886.95,18053.3
18/1/2023,18074.3,18183.75,18032.45,18165.35
19/1/2023,18119.8,18155.2,18063.75,18107.85
20/1/2023,18115.6,18145.45,18016.2,18027.65
23/1/2023,18118.45,18162.6,18063.45,18118.55
24/1/2023,18183.95,18201.25,18078.65,18118.3
25/1/2023,18093.35,18100.6,17846.15,17891.95
27/1/2023,17877.2,17884.75,17493.55,17604.35
30/1/2023,17541.95,17709.15,17405.55,17648.95
31/1/2023,17731.45,17735.7,17537.55,17662.15
1/2/2023,17811.6,17972.2,17353.4,17616.3
2/2/2023,17517.1,17653.9,17445.95,17610.4
3/2/2023,17721.75,17870.3,17584.2,17854.05
6/2/2023,17818.55,17823.7,17698.35,17764.6
7/2/2023,17790.1,17811.15,17652.55,17721.5
8/2/2023,17750.3,17898.7,17744.15,17871.7
9/2/2023,17885.5,17916.9,17779.8,17893.45
10/2/2023,17847.55,17876.95,17801,17856.5
13/2/2023,17859.1,17880.7,17719.75,17770.9
14/2/2023,17840.35,17954.55,17800.05,17929.85
15/2/2023,17896.6,18034.1,17853.8,18015.85
16/2/2023,18094.75,18134.75,18000.65,18035.85
17/2/2023,17974.85,18034.25,17884.6,17944.2
20/2/2023,17965.55,18004.35,17818.4,17844.6
21/2/2023,17905.8,17924.9,17800.3,17826.7
22/2/2023,17755.35,17772.5,17529.45,17554.3
23/2/2023,17574.65,17620.05,17455.4,17511.25
24/2/2023,17591.35,17599.75,17421.8,17465.8
27/2/2023,17428.6,17451.6,17299,17392.7
28/2/2023,17383.25,17440.45,17255.2,17303.95
1/3/2023,17360.1,17467.75,17345.25,17450.9
2/3/2023,17421.5,17445.8,17306,17321.9
3/3/2023,17451.25,17644.75,17427.7,17594.35
6/3/2023,17680.35,17799.95,17671.95,17711.45
8/3/2023,17665.75,17766.5,17602.25,17754.4
9/3/2023,17772.05,17772.35,17573.6,17589.6
10/3/2023,17443.8,17451.5,17324.35,17412.9
13/3/2023,17421.9,17529.9,17113.45,17154.3
14/3/2023,17421.9,17224.65,16987.1,17043.3
15/3/2023,17166.45,17211.35,16938.9,16972.15
16/3/2023,16994.65,17062.45,16850.15,16985.6
17/3/2023,17111.8,17145.8,16958.15,17100.05
20/3/2023,17066.6,17066.6,16828.35,16988.4
21/3/2023,17060.4,17127.7,17016,17107.5
22/3/2023,17177.45,17207.25,17107.85,17151.9
23/3/2023,17177.45,17205.4,17045.3,17076.9
24/3/2023,17076.2,17109.45,16917.35,16945.05
27/3/2023,16984.3,17091,16918.55,16985.7
28/3/2023,17031.75,17061.75,16913.75,16951.7
29/3/2023,16977.3,17126.15,16940.6,17080.7
31/3/2023,17210.35,17381.6,17204.65,17359.75
3/4/2023,17427.95,17428.05,17312.75,17398.05
5/4/2023,17422.3,17570.55,17402.7,17557.05
6/4/2023,17533.85,17638.7,17502.85,17599.15
10/4/2023,17634.9,17694.1,17597.95,17624.05
11/4/2023,17704.8,17748.75,17655.15,17722.3
12/4/2023,17759.55,17825.75,17717.25,17812.4
13/4/2023,17807.3,17842.15,17729.65,17828
17/4/2023,17863,17863,17574.05,17706.85
18/4/2023,17766.6,17766.6,17610.2,17660.15
19/4/2023,17653.35,17666.15,17579.85,17618.75
20/4/2023,17638.6,17684.45,17584.35,17624.45
21/4/2023,17639.75,17663.2,17553.95,17624.05
24/4/2023,17707.55,17754.5,17612.5,17743.4
25/4/2023,17761.55,17807.45,17716.85,17769.25
26/4/2023,17767.3,17827.75,17711.2,17813.6
27/4/2023,17813.1,17931.6,17797.9,17915.05
28/4/2023,17950.4,18089.15,17885.3,18065
2/5/2023,18124.8,18180.25,18101.75,18147.65
3/5/2023,18113.8,18116.35,18042.4,18089.85
4/5/2023,18081,18267.45,18066.7,18255.8
5/5/2023,18117.3,18216.95,18055.45,18069
8/5/2023,18120.6,18286.95,18100.3,18264.4
9/5/2023,18303.4,18344.2,18229.65,18265.95
10/5/2023,18313.6,18326.75,18211.95,18315.1
11/5/2023,18357.8,18389.7,18270.4,18297
12/5/2023,18273.75,18342.75,18194.55,18314.8
15/5/2023,18339.3,18458.9,18287.9,18398.85
16/5/2023,18432.35,18432.35,18264.35,18286.5
17/5/2023,18300.45,18309,18115.35,18181.75
18/5/2023,18287.5,18297.2,18104.85,18129.95
19/5/2023,18186.15,18218.1,18060.4,18203.4
22/5/2023,18201.1,18335.25,18178.85,18314.4
23/5/2023,18362.9,18419.75,18324.2,18348
24/5/2023,18294.8,18392.6,18262.95,18285.4
25/5/2023,18268.9,18338.1,18202.4,18321.15
26/5/2023,18368.35,18508.55,18333.15,18499.35
29/5/2023,18619.15,18641.2,18581.25,18598.65
30/5/2023,18606.65,18662.45,18575.5,18633.85
31/5/2023,18594.2,18603.9,18483.85,18534.4
1/6/2023,18579.4,18580.3,18464.55,18487.75
2/6/2023,18550.85,18573.7,18478.4,18534.1
5/6/2023,18612,18640.15,18582.8,18593.85
6/6/2023,18600.8,18622.75,18531.6,18599
7/6/2023,18665.6,18738.95,18636,18726.4
8/6/2023,18725.35,18777.9,18615.6,18634.55
9/6/2023,18655.9,18676.65,18555.4,18563.4
12/6/2023,18595.05,18633.6,18559.75,18601.5
13/6/2023,18631.8,18728.9,18631.8,18716.15
14/6/2023,18744.6,18769.7,18690,18755.9
15/6/2023,18774.45,18794.1,18669.05,18688.1
16/6/2023,18723.3,18864.7,18710.5,18826
19/6/2023,18873.3,18881.45,18719.15,18755.45
20/6/2023,18752.35,18839.7,18660.65,18816.7
21/6/2023,18849.4,18875.9,18794.85,18856.85
22/6/2023,18853.6,18886.6,18759.5,18771.25
23/6/2023,18741.85,18756.4,18647.1,18665.5
26/6/2023,18682.35,18722.05,18646.7,18691.2
27/6/2023,18748.55,18829.25,18714.25,18817.4
28/6/2023,18908.15,19011.25,18861.35,18972.1
30/6/2023,19076.85,19201.7,19024.6,19189.05
3/7/2023,19246.5,19345.1,19234.4,19322.55
4/7/2023,19406.6,19434.15,19300,19389
5/7/2023,19405.95,19421.6,19339.6,19398.5
6/7/2023,19385.7,19512.2,19373,19497.3
7/7/2023,19422.8,19523.6,19303.6,19331.8
10/7/2023,19400.35,19435.85,19327.1,19355.9
11/7/2023,19427.1,19515.1,19406.45,19439.4
12/7/2023,19497.45,19507.7,19361.75,19384.3
13/7/2023,19495.2,19567,19385.8,19413.75
14/7/2023,19493.45,19595.35,19433.5,19564.5
17/7/2023,19612.15,19731.85,19562.95,19711.45
18/7/2023,19787.5,19819.45,19690.2,19749.25
19/7/2023,19802.95,19851.7,19727.45,19833.15
20/7/2023,19831.7,19991.85,19758.4,19979.15
21/7/2023,19800.45,19887.4,19700,19745
24/7/2023,19748.45,19782.75,19658.3,19672.35
25/7/2023,19729.35,19729.35,19615.95,19680.6
26/7/2023,19733.35,19825.6,19716.7,19778.3
27/7/2023,19850.9,19867.55,19603.55,19659.9
28/7/2023,19659.75,19695.9,19563.1,19646.05
31/7/2023,19666.35,19772.75,19597.6,19753.8
